Top pages,Clicks,Impressions,CTR,Position
https://pandacodegen.com/,8,38,21.05%,2.18
https://www.pandacodegen.com/,2,64,3.12%,4.28
https://www.pandacodegen.com/blog/gohighlevel-website-speed,1,164,0.61%,6.8
https://www.pandacodegen.com/blog/how-to-achieve-100-pagespeed,1,80,1.25%,21.02
https://www.pandacodegen.com/blog/squarespace-too-slow,1,75,1.33%,9.08
https://www.pandacodegen.com/services,1,30,3.33%,5.53
https://www.pandacodegen.com/about/imran,1,2,50%,10
https://www.pandacodegen.com/blog/webflow-migration-cost,0,1206,0%,7.38
https://www.pandacodegen.com/blog/webflow-true-cost,0,287,0%,10.94
https://www.pandacodegen.com/blog/shopify-dawn-theme-slow,0,229,0%,6.65
https://www.pandacodegen.com/blog/wordpress-migration-cost,0,160,0%,23.96
https://pandacodegen.com/blog/webflow-true-cost,0,102,0%,7.38
https://www.pandacodegen.com/blog/nextjs-hosting-zero-cost,0,77,0%,19.82
https://www.pandacodegen.com/blog/why-we-chose-nextjs-over-wordpress-2026,0,68,0%,11.28
https://www.pandacodegen.com/blog/how-to-migrate-wordpress-to-nextjs,0,56,0%,8.66
https://www.pandacodegen.com/about,0,48,0%,4.71
https://www.pandacodegen.com/blog/how-to-fix-slow-wordpress,0,48,0%,43.23
https://www.pandacodegen.com/blog/woocommerce-too-slow,0,47,0%,36.28
https://www.pandacodegen.com/blog/shopify-plus-still-slow,0,46,0%,7.09
https://www.pandacodegen.com/blog/how-website-speed-affects-seo,0,46,0%,15.46
https://www.pandacodegen.com/blog/wordpress-vs-nextjs,0,40,0%,23.8
https://www.pandacodegen.com/blog/wordpress-ai-security-risk-2026,0,34,0%,5.82
https://www.pandacodegen.com/blog/wordpress-plugins-destroy-speed,0,32,0%,15.66
https://www.pandacodegen.com/blog/what-is-headless-commerce,0,28,0%,42.82
https://www.pandacodegen.com/blog/wordpress-vs-custom-code-real-cost-3-years,0,27,0%,9.56
https://www.pandacodegen.com/work,0,25,0%,6.36
https://www.pandacodegen.com/blog/shopify-conversion-rate-speed-fix,0,24,0%,45.96
https://www.pandacodegen.com/pricing,0,23,0%,6.09
https://www.pandacodegen.com/blog/webflow-vs-custom-website,0,23,0%,30.04
https://www.pandacodegen.com/contact,0,22,0%,39.5
https://www.pandacodegen.com/blog/shopify-app-costs-real-monthly-bill,0,20,0%,12
https://www.pandacodegen.com/blog/shopify-vs-custom-website,0,19,0%,39.37
https://www.pandacodegen.com/blog/google-universal-commerce-protocol-what-it-means-for-your-store,0,18,0%,7
https://www.pandacodegen.com/about/hassan,0,13,0%,8.54
https://www.pandacodegen.com/cookies,0,12,0%,5.83
https://www.pandacodegen.com/blog/cloudflare-emdash-wordpress-replacement,0,12,0%,13.58
https://www.pandacodegen.com/privacy,0,10,0%,3.9
https://www.pandacodegen.com/blog/shopify-headless,0,10,0%,7.6
https://www.pandacodegen.com/blog/google-march-2026-update,0,9,0%,7.33
https://pandacodegen.com/blog/nextjs-hosting-zero-cost,0,9,0%,14.44
https://www.pandacodegen.com/blog,0,8,0%,6.12
https://www.pandacodegen.com/blog/shopify-slow-losing-sales,0,8,0%,23.62
https://www.pandacodegen.com/terms,0,7,0%,5.29
https://www.pandacodegen.com/blog/why-competitor-outranks-you,0,7,0%,8.86
https://www.pandacodegen.com/services/ecommerce,0,7,0%,21
https://www.pandacodegen.com/services/wix,0,6,0%,7.17
https://www.pandacodegen.com/work/panda-codelab,0,5,0%,6
https://www.pandacodegen.com/blog/elementor-kills-seo,0,5,0%,6.8
https://www.pandacodegen.com/blog/wordpress-traffic-drop-speed,0,5,0%,12.8
https://www.pandacodegen.com/work/panda-patches,0,5,0%,21.4
https://www.pandacodegen.com/work/enterprise-ops,0,3,0%,8
https://www.pandacodegen.com/blog/for-agencies-offer-custom-web-development,0,2,0%,5.5
https://www.pandacodegen.com/partners,0,1,0%,9