Top queries,Clicks,Impressions,CTR,Position
panda codegen,2,29,6.9%,2.24
iron horse studio webflow migration cost,0,107,0%,9.59
webflow migration cost for 50-100 page website,0,59,0%,6.69
webflow migration cost 2026,0,50,0%,6.42
factors that increase cost of webflow migration project,0,43,0%,5.47
website migration cost,0,36,0%,69.25
pandagen,0,35,0%,3.49
webflow ongoing costs after migration,0,22,0%,7.77
average cost to migrate website to webflow 2025 2026,0,21,0%,11.1
webflow website migration cost price,0,19,0%,10.32
webflow enterprise migration cost,0,17,0%,4.71
cost of migrating enterprise website to webflow,0,16,0%,11.25
how much does it cost to migrate a website,0,16,0%,78.81
how much does a webflow migration actually cost in 2026?,0,14,0%,4.36
average cost to migrate website to webflow 2026,0,14,0%,5.86
webflow migration cost 50-100 page site,0,13,0%,9.31
pagespeed 100,0,13,0%,80.54
how much does a webflow migration with iron horse studio cost?,0,12,0%,5.83
iron horse studio webflow migration cost pricing,0,12,0%,11.67
how much should we budget for a webflow migration for a 50-100 page site?,0,11,0%,2.27
how much does a webflow website cost in 2025,0,11,0%,89.55
what factors increase the cost of a webflow migration project?,0,10,0%,4.7
headless bigcommerce,0,10,0%,61.6
shopify vs custom website,0,10,0%,67
webflow migration cost for 50-100 page website 2025 2026,0,9,0%,6.67
woocommerce slows down site,0,9,0%,48.44
is vercel free,0,9,0%,52.33
do shortcodes slow down wordpress,0,9,0%,65.67
are there ongoing costs after the initial webflow migration is complete?,0,8,0%,6
webflow enterprise pricing migration cost,0,7,0%,4.14
shopify dawn theme performance improvements,0,7,0%,5.86
cost to migrate from wordpress to visual builder,0,7,0%,6.86
what's the cost of migrating to webflow for an enterprise site?,0,7,0%,8
webflow migration roi timeline,0,7,0%,11.71
slow wordpress website fix,0,7,0%,63.43
how to fix slow wordpress,0,7,0%,95.71
webflow migration cost 2025 or 2026,0,6,0%,7.5
webflow migration cost 2025 2026,0,6,0%,13.33
woocommerce slow,0,6,0%,55.5
average cost to migrate website to webflow seo considerations,0,5,0%,2
webflow ongoing costs after initial migration,0,5,0%,6.8
webflow migration cost,0,5,0%,12.8
why are my shopify conversion rates stuck at 1.4% despite good traffic?,0,5,0%,63
wordpress vs nextjs,0,5,0%,63.2
webflow vs ghost,0,5,0%,74.6
webflow enterprise pricing cost migration,0,4,0%,3.75
webflow migration pricing,0,4,0%,4.5
average cost to migrate website to webflow 2025 or 2026,0,4,0%,7.25
why is ghl so slow,0,4,0%,10
vercel free hosting,0,4,0%,59.25
web development,0,3,0%,8
what’s the price to migrate a website to webflow?,0,3,0%,9.67
webflow migration cost for 50-100 page website from another cms,0,3,0%,13
"""sanity cms""",0,3,0%,28
at seo workhorse rankings rise and traffic flows,0,3,0%,43
webflow vs custom code,0,3,0%,47.67
what does headless commerce mean,0,3,0%,85.67
webflow ongoing costs after migration seo manager,0,2,0%,1
"""headless commerce""",0,2,0%,1.5
panda gen,0,2,0%,2
factors that increase cost of webflow migration project seo,0,2,0%,3.5
squarespace editor slow,0,2,0%,8.5
"""w3 total cache"" -site:reddit.com -site:twitter.com -site:x.com 
-site:wykop.pl -site:tripadvisor.com -site:youtube.com -site:yelp.com 
-site:booking.com -site:facebook.com -site:instagram.com -site:tiktok.com",0,2,0%,9.5
webflow ongoing costs after migration pricing plans 2026,0,2,0%,11.5
how to host website for free on vercel,0,2,0%,40
vercel hosting free,0,2,0%,53
slow woocommerce,0,2,0%,55.5
woocommerce slowing down site,0,2,0%,60.5
next.js vs wordpress,0,2,0%,62.5
"""wp rocket""",0,2,0%,65
bigcommerce headless development,0,2,0%,68
migration site webflow,0,2,0%,94.5
"i am a 45-54, 55-64, or 65+ year old ceo. my job seniority is at the 
executive or owner level. my main motivations: ensure investment is going 
into the right areas my main pain points: unsure if a redesign is worth the 
cost or risk what's the cost of migrating to webflow for an enterprise site?",0,1,0%,1
vercel free hosting details,0,1,0%,1
vercel free tier static hosting,0,1,0%,1
vercel pricing free hosting,0,1,0%,1
cost to migrate enterprise website to webflow,0,1,0%,3
shopify dawn theme lighthouse score,0,1,0%,6
webflow migration pricing official,0,1,0%,6
"""kotn"" -site:reddit.com -site:twitter.com -site:x.com -site:wykop.pl 
-site:tripadvisor.com -site:youtube.com -site:yelp.com -site:booking.com 
-site:facebook.com -site:instagram.com -site:tiktok.com",0,1,0%,7
software development,0,1,0%,9
ceo matt mullenweg emdash cloudflare,0,1,0%,10
webflow pricing 2026,0,1,0%,10
pandada company,0,1,0%,11
yoast seo plugin vulnerability,0,1,0%,15
squarespace lcp,0,1,0%,17
hassan jamal,0,1,0%,27
how is vercel free,0,1,0%,34
is vercel free hosting,0,1,0%,37
is vercel hosting free,0,1,0%,39
webflow bandwidth costs,0,1,0%,39
is vercel free?,0,1,0%,41
is vercel free to host,0,1,0%,43
next.js vs wordpress small business,0,1,0%,43
shopify down theme,0,1,0%,44
vercel free web hosting,0,1,0%,45
headless commerce riyadh,0,1,0%,50
wordpress migration cost,0,1,0%,51
woocommerce add to cart very slow,0,1,0%,52
wordpress vs next js,0,1,0%,54
headless bigcommerce storefront,0,1,0%,59
nextjs vs wordpress,0,1,0%,62
cost to migrate wordpress site,0,1,0%,65
seo company client to workload ratio,0,1,0%,68
squarespace speed optimization tool,0,1,0%,79
wordpress performance myths,0,1,0%,79
"how can i create real-time personalized experiences without slowing down my 
shopify store?",0,1,0%,100
site speed ranking factor,0,1,0%,100
"""omnisend""",0,1,0%,101